"6743","15","110","0","2011-10-26","0"
"6744","16","110","0","2011-10-26","0"
"6745","17","110","0","2011-10-26","0"
"6746","18","110","0","2011-10-26","0"
"6747","19","110","0","2011-10-26","0"
"6748","20","110","0","2011-10-26","0"
"6749","21","110","0","2011-10-26","0"
"6750","22","110","0","2011-10-26","0"
"6751","23","110","0","2011-10-26","0"
"6752","24","110","0","2011-10-26","0"
"6753","25","110","0","2011-10-26","0"
"6754","26","110","0","2011-10-26","0"
"6755","27","110","0","2011-10-26","0"
"6756","28","110","0","2011-10-26","0"
"6757","29","110","0","2011-10-26","0"
"6758","30","110","0","2011-10-26","0"
"6759","31","110","0","2011-10-26","0"
"6760","32","110","0","2011-10-26","0"
"6761","33","110","0","2011-10-26","0"
"6762","34","110","0","2011-10-26","0"
"6763","35","110","0","2011-10-26","0"
"6764","36","110","0","2011-10-26","0"
"6765","37","110","0","2011-10-26","0"
"6766","38","110","0","2011-10-26","0"
"6767","39","110","0","2011-10-26","0"
"6768","40","110","0","2011-10-26","0"
"6769","41","110","0","2011-10-26","0"
"6770","42","110","0","2011-10-26","0"
"6771","43","110","0","2011-10-26","0"
"6772","44","110","0","2011-10-26","0"
"6773","45","110","0","2011-10-26","0"
"6774","46","110","0","2011-10-26","0"
"6775","47","110","0","2011-10-26","0"
"6776","48","110","0","2011-10-26","0"
"6777","49","110","0","2011-10-26","0"
"6778","50","110","0","2011-10-26","0"
"6779","51","110","0","2011-10-26","0"
"6780","52","110","0","2011-10-26","0"
"6781","53","110","0","2011-10-26","0"
"6782","54","110","0","2011-10-26","0"
"6783","55","110","0","2011-10-26","0"
"6784","15","110","0","2011-10-27","0"
"6785","16","110","0","2011-10-27","0"
"6786","17","110","0","2011-10-27","0"
"6787","18","110","0","2011-10-27","0"
"6788","19","110","0","2011-10-27","0"
"6789","20","110","0","2011-10-27","0"
"6790","21","110","0","2011-10-27","0"
"6791","22","110","0","2011-10-27","0"
"6792","23","110","0","2011-10-27","0"
"6793","24","110","0","2011-10-27","0"
"6794","25","110","0","2011-10-27","0"
"6795","26","110","0","2011-10-27","0"
"6796","27","110","0","2011-10-27","0"
"6797","28","110","0","2011-10-27","0"
"6798","29","110","0","2011-10-27","0"
"6799","30","110","0","2011-10-27","0"
"6800","31","110","0","2011-10-27","0"
"6801","32","110","0","2011-10-27","0"
"6802","33","110","0","2011-10-27","0"
"6803","34","110","0","2011-10-27","0"
"6804","35","110","0","2011-10-27","0"
"6805","36","110","0","2011-10-27","0"
"6806","37","110","0","2011-10-27","0"
"6807","38","110","0","2011-10-27","0"
"6808","39","110","0","2011-10-27","0"
"6809","40","110","0","2011-10-27","0"
"6810","41","110","0","2011-10-27","0"
"6811","42","110","0","2011-10-27","0"
"6812","43","110","0","2011-10-27","0"
"6813","44","110","0","2011-10-27","0"
"6814","45","110","0","2011-10-27","0"
"6815","46","110","0","2011-10-27","0"
"6816","47","110","0","2011-10-27","0"
"6817","48","110","0","2011-10-27","0"
"6818","49","110","0","2011-10-27","0"
"6819","50","110","0","2011-10-27","0"
"6820","51","110","0","2011-10-27","0"
"6821","52","110","0","2011-10-27","0"
"6822","53","110","0","2011-10-27","0"
"6823","54","110","0","2011-10-27","0"
"6824","55","110","0","2011-10-27","0"
"6825","15","110","22","2011-10-28","0"
"6826","16","110","5","2011-10-28","0"
"6827","17","110","2","2011-10-28","0"
"6828","18","110","0","2011-10-28","0"
"6829","19","110","0","2011-10-28","0"
"6830","20","110","0","2011-10-28","0"
"6831","21","110","0","2011-10-28","0"
"6832","22","110","0","2011-10-28","0"
"6833","23","110","0","2011-10-28","0"
"6834","24","110","300","2011-10-28","0"
"6835","25","110","15","2011-10-28","0"
"6836","26","110","30","2011-10-28","0"
"6837","27","110","15","2011-10-28","0"
"6838","28","110","15","2011-10-28","0"
"6839","29","110","15","2011-10-28","0"
"6840","30","110","60","2011-10-28","0"
"6841","31","110","2","2011-10-28","0"
"6842","32","110","30","2011-10-28","0"
"6843","33","110","100","2011-10-28","0"
"6844","34","110","1","2011-10-28","0"
"6845","35","110","3","2011-10-28","0"
"6846","36","110","3","2011-10-28","0"
"6847","37","110","4","2011-10-28","0"
"6848","38","110","6","2011-10-28","0"
"6849","39","110","9","2011-10-28","0"
"6850","40","110","2","2011-10-28","0"
"6851","41","110","3","2011-10-28","0"
"6852","42","110","1","2011-10-28","0"
"6853","43","110","0","2011-10-28","0"
"6854","44","110","6","2011-10-28","0"
"6855","45","110","30","2011-10-28","0"
"6856","46","110","3","2011-10-28","0"
"6857","47","110","3","2011-10-28","0"
"6858","48","110","6","2011-10-28","0"
"6859","49","110","5","2011-10-28","0"
"6860","50","110","50","2011-10-28","0"
"6861","51","110","30","2011-10-28","0"
"6862","52","110","3","2011-10-28","0"
"6863","53","110","100","2011-10-28","0"
"6864","54","110","100","2011-10-28","0"
"6865","55","110","150","2011-10-28","0"
"6866","15","110","22","2011-10-29","0"
"6867","16","110","6","2011-10-29","0"
"6868","17","110","2","2011-10-29","0"
"6869","18","110","0","2011-10-29","0"
"6870","19","110","0","2011-10-29","0"
"6871","20","110","0","2011-10-29","0"
"6872","21","110","0","2011-10-29","0"
"6873","22","110","0","2011-10-29","0"
"6874","23","110","0","2011-10-29","0"
"6875","24","110","300","2011-10-29","0"
"6876","25","110","15","2011-10-29","0"
"6877","26","110","30","2011-10-29","0"
"6878","27","110","15","2011-10-29","0"
"6879","28","110","15","2011-10-29","0"
"6880","29","110","15","2011-10-29","0"
"6881","30","110","60","2011-10-29","0"
"6882","31","110","2","2011-10-29","0"
"6883","32","110","30","2011-10-29","0"
"6884","33","110","100","2011-10-29","0"
"6885","34","110","1","2011-10-29","0"
"6886","35","110","3","2011-10-29","0"
"6887","36","110","3","2011-10-29","0"
"6888","37","110","4","2011-10-29","0"
"6889","38","110","6","2011-10-29","0"
"6890","39","110","9","2011-10-29","0"
"6891","40","110","2","2011-10-29","0"
"6892","41","110","3","2011-10-29","0"
"6893","42","110","1","2011-10-29","0"
"6894","43","110","0","2011-10-29","0"
"6895","44","110","6","2011-10-29","0"
"6896","45","110","30","2011-10-29","0"
"6897","46","110","3","2011-10-29","0"
"6898","47","110","3","2011-10-29","0"
"6899","48","110","6","2011-10-29","0"
"6900","49","110","5","2011-10-29","0"
"6901","50","110","50","2011-10-29","0"
"6902","51","110","30","2011-10-29","0"
"6903","52","110","3","2011-10-29","0"
"6904","53","110","100","2011-10-29","0"
"6905","54","110","100","2011-10-29","0"
"6906","55","110","150","2011-10-29","0"
"6907","15","110","0","2011-10-30","0"
"6908","16","110","0","2011-10-30","0"
"6909","17","110","0","2011-10-30","0"
"6910","18","110","0","2011-10-30","0"
"6911","19","110","0","2011-10-30","0"
"6912","20","110","0","2011-10-30","0"
"6913","21","110","0","2011-10-30","0"
"6914","22","110","0","2011-10-30","0"
"6915","23","110","0","2011-10-30","0"
"6916","24","110","0","2011-10-30","0"
"6917","25","110","0","2011-10-30","0"
"6918","26","110","0","2011-10-30","0"
"6919","27","110","0","2011-10-30","0"
"6920","28","110","0","2011-10-30","0"
"6921","29","110","0","2011-10-30","0"
"6922","30","110","0","2011-10-30","0"
"6923","31","110","0","2011-10-30","0"
"6924","32","110","0","2011-10-30","0"
"6925","33","110","0","2011-10-30","0"
"6926","34","110","0","2011-10-30","0"
"6927","35","110","0","2011-10-30","0"
"6928","36","110","0","2011-10-30","0"
"6929","37","110","0","2011-10-30","0"
"6930","38","110","0","2011-10-30","0"
"6931","39","110","0","2011-10-30","0"
"6932","40","110","0","2011-10-30","0"
"6933","41","110","0","2011-10-30","0"
"6934","42","110","0","2011-10-30","0"
"6935","43","110","0","2011-10-30","0"
"6936","44","110","0","2011-10-30","0"
"6937","45","110","0","2011-10-30","0"
"6938","46","110","0","2011-10-30","0"
"6939","47","110","0","2011-10-30","0"
"6940","48","110","0","2011-10-30","0"
"6941","49","110","0","2011-10-30","0"
"6942","50","110","0","2011-10-30","0"
"6943","51","110","0","2011-10-30","0"
"6944","52","110","0","2011-10-30","0"
"6945","53","110","0","2011-10-30","0"
"6946","54","110","0","2011-10-30","0"
"6947","55","110","0","2011-10-30","0"
"6948","15","110","21","2011-10-31","0"
"6949","16","110","5","2011-10-31","0"
"6950","17","110","2","2011-10-31","0"
"6951","18","110","0","2011-10-31","0"
"6952","19","110","0","2011-10-31","0"
"6953","20","110","0","2011-10-31","0"
"6954","21","110","0","2011-10-31","0"
"6955","22","110","0","2011-10-31","0"
"6956","23","110","0","2011-10-31","0"
"6957","24","110","300","2011-10-31","0"
"6958","25","110","15","2011-10-31","0"
"6959","26","110","30","2011-10-31","0"
"6960","27","110","15","2011-10-31","0"
"6961","28","110","15","2011-10-31","0"
"6962","29","110","15","2011-10-31","0"
"6963","30","110","60","2011-10-31","0"
"6964","31","110","2","2011-10-31","0"
"6965","32","110","30","2011-10-31","0"
"6966","33","110","100","2011-10-31","0"
"6967","34","110","1","2011-10-31","0"
"6968","35","110","3","2011-10-31","0"
"6969","36","110","3","2011-10-31","0"
"6970","37","110","4","2011-10-31","0"
"6971","38","110","6","2011-10-31","0"
"6972","39","110","9","2011-10-31","0"
"6973","40","110","2","2011-10-31","0"
"6974","41","110","3","2011-10-31","0"
"6975","42","110","1","2011-10-31","0"
"6976","43","110","0","2011-10-31","0"
"6977","44","110","6","2011-10-31","0"
"6978","45","110","30","2011-10-31","0"
"6979","46","110","3","2011-10-31","0"
"6980","47","110","3","2011-10-31","0"
"6981","48","110","6","2011-10-31","0"
"6982","49","110","5","2011-10-31","0"
"6983","50","110","50","2011-10-31","0"
"6984","51","110","30","2011-10-31","0"
"6985","52","110","3","2011-10-31","0"
"6986","53","110","100","2011-10-31","0"
"6987","54","110","100","2011-10-31","0"
"6988","55","110","150","2011-10-31","0"
"6989","15","110","21","2011-11-01","0"
"6990","16","110","6","2011-11-01","0"
"6991","17","110","2","2011-11-01","0"
"6992","18","110","0","2011-11-01","0"
"6993","19","110","0","2011-11-01","0"
"6994","20","110","0","2011-11-01","0"
"6995","21","110","0","2011-11-01","0"
"6996","22","110","0","2011-11-01","0"
"6997","23","110","0","2011-11-01","0"
"6998","24","110","300","2011-11-01","0"
"6999","25","110","15","2011-11-01","0"
"7000","26","110","30","2011-11-01","0"
"7001","27","110","15","2011-11-01","0"
"7002","28","110","15","2011-11-01","0"
"7003","29","110","15","2011-11-01","0"
"7004","30","110","60","2011-11-01","0"
"7005","31","110","2","2011-11-01","0"
"7006","32","110","30","2011-11-01","0"
"7007","33","110","100","2011-11-01","0"
"7008","34","110","1","2011-11-01","0"
"7009","35","110","3","2011-11-01","0"
"7010","36","110","3","2011-11-01","0"
"7011","37","110","4","2011-11-01","0"
"7012","38","110","6","2011-11-01","0"
"7013","39","110","9","2011-11-01","0"
"7014","40","110","2","2011-11-01","0"
"7015","41","110","3","2011-11-01","0"
"7016","42","110","1","2011-11-01","0"
"7017","43","110","0","2011-11-01","0"
"7018","44","110","6","2011-11-01","0"
"7019","45","110","30","2011-11-01","0"
"7020","46","110","3","2011-11-01","0"
"7021","47","110","3","2011-11-01","0"
"7022","48","110","6","2011-11-01","0"
"7023","49","110","5","2011-11-01","0"
"7024","50","110","50","2011-11-01","0"
"7025","51","110","30","2011-11-01","0"
"7026","52","110","3","2011-11-01","0"
"7027","53","110","100","2011-11-01","0"
"7028","54","110","100","2011-11-01","0"
"7029","55","110","150","2011-11-01","0"
"7030","15","110","21","2011-11-02","0"
"7031","16","110","5","2011-11-02","0"
"7032","17","110","2","2011-11-02","0"
"7033","18","110","0","2011-11-02","0"
"7034","19","110","0","2011-11-02","0"
"7035","20","110","0","2011-11-02","0"
"7036","21","110","0","2011-11-02","0"
"7037","22","110","0","2011-11-02","0"
"7038","23","110","0","2011-11-02","0"
"7039","24","110","300","2011-11-02","0"
"7040","25","110","15","2011-11-02","0"
"7041","26","110","30","2011-11-02","0"
"7042","27","110","15","2011-11-02","0"
"7043","28","110","15","2011-11-02","0"
"7044","29","110","15","2011-11-02","0"
"7045","30","110","60","2011-11-02","0"
"7046","31","110","2","2011-11-02","0"
"7047","32","110","30","2011-11-02","0"
"7048","33","110","100","2011-11-02","0"
"7049","34","110","1","2011-11-02","0"
"7050","35","110","3","2011-11-02","0"
"7051","36","110","3","2011-11-02","0"
"7052","37","110","4","2011-11-02","0"
"7053","38","110","6","2011-11-02","0"
"7054","39","110","9","2011-11-02","0"
"7055","40","110","2","2011-11-02","0"
"7056","41","110","3","2011-11-02","0"
"7057","42","110","1","2011-11-02","0"
"7058","43","110","0","2011-11-02","0"
"7059","44","110","6","2011-11-02","0"
"7060","45","110","30","2011-11-02","0"
"7061","46","110","3","2011-11-02","0"
"7062","47","110","3","2011-11-02","0"
"7063","48","110","6","2011-11-02","0"
"7064","49","110","5","2011-11-02","0"
"7065","50","110","50","2011-11-02","0"
"7066","51","110","30","2011-11-02","0"
"7067","52","110","3","2011-11-02","0"
"7068","53","110","100","2011-11-02","0"
"7069","54","110","100","2011-11-02","0"
"7070","55","110","150","2011-11-02","0"
"7071","15","110","21","2011-11-03","0"
"7072","16","110","5","2011-11-03","0"
"7073","17","110","2","2011-11-03","0"
"7074","18","110","0","2011-11-03","0"
"7075","19","110","0","2011-11-03","0"
"7076","20","110","0","2011-11-03","0"
"7077","21","110","0","2011-11-03","0"
"7078","22","110","0","2011-11-03","0"
"7079","23","110","0","2011-11-03","0"
"7080","24","110","300","2011-11-03","0"
"7081","25","110","15","2011-11-03","0"
"7082","26","110","30","2011-11-03","0"
"7083","27","110","15","2011-11-03","0"
"7084","28","110","15","2011-11-03","0"
"7085","29","110","15","2011-11-03","0"
"7086","30","110","60","2011-11-03","0"
"7087","31","110","2","2011-11-03","0"
"7088","32","110","30","2011-11-03","0"
"7089","33","110","100","2011-11-03","0"
"7090","34","110","1","2011-11-03","0"
"7091","35","110","3","2011-11-03","0"
"7092","36","110","3","2011-11-03","0"
"7093","37","110","4","2011-11-03","0"
"7094","38","110","6","2011-11-03","0"
"7095","39","110","9","2011-11-03","0"
"7096","40","110","2","2011-11-03","0"
"7097","41","110","3","2011-11-03","0"
"7098","42","110","1","2011-11-03","0"
"7099","43","110","0","2011-11-03","0"
"7100","44","110","6","2011-11-03","0"
"7101","45","110","30","2011-11-03","0"
"7102","46","110","3","2011-11-03","0"
"7103","47","110","3","2011-11-03","0"
"7104","48","110","6","2011-11-03","0"
"7105","49","110","5","2011-11-03","0"
"7106","50","110","50","2011-11-03","0"
"7107","51","110","30","2011-11-03","0"
"7108","52","110","3","2011-11-03","0"
"7109","53","110","100","2011-11-03","0"
"7110","54","110","100","2011-11-03","0"
"7111","55","110","150","2011-11-03","0"
"7112","15","110","21","2011-11-04","0"
"7113","16","110","5","2011-11-04","0"
"7114","17","110","2","2011-11-04","0"
"7115","18","110","0","2011-11-04","0"
"7116","19","110","0","2011-11-04","0"
"7117","20","110","0","2011-11-04","0"
"7118","21","110","0","2011-11-04","0"
"7119","22","110","0","2011-11-04","0"
"7120","23","110","0","2011-11-04","0"
"7121","24","110","300","2011-11-04","0"
"7122","25","110","15","2011-11-04","0"
"7123","26","110","30","2011-11-04","0"
"7124","27","110","15","2011-11-04","0"
"7125","28","110","15","2011-11-04","0"
"7126","29","110","15","2011-11-04","0"
"7127","30","110","60","2011-11-04","0"
"7128","31","110","2","2011-11-04","0"
"7129","32","110","30","2011-11-04","0"
"7130","33","110","100","2011-11-04","0"
"7131","34","110","1","2011-11-04","0"
"7132","35","110","3","2011-11-04","0"
"7133","36","110","3","2011-11-04","0"
"7134","37","110","4","2011-11-04","0"
"7135","38","110","6","2011-11-04","0"
"7136","39","110","9","2011-11-04","0"
"7137","40","110","2","2011-11-04","0"
"7138","41","110","3","2011-11-04","0"
"7139","42","110","1","2011-11-04","0"
"7140","43","110","0","2011-11-04","0"
"7141","44","110","6","2011-11-04","0"
"7142","45","110","30","2011-11-04","0"
"7143","46","110","3","2011-11-04","0"
"7144","47","110","3","2011-11-04","0"
"7145","48","110","6","2011-11-04","0"
"7146","49","110","5","2011-11-04","0"
"7147","50","110","50","2011-11-04","0"
"7148","51","110","30","2011-11-04","0"
"7149","52","110","3","2011-11-04","0"
"7150","53","110","100","2011-11-04","0"
"7151","54","110","100","2011-11-04","0"
"7152","55","110","150","2011-11-04","0"
"7153","15","110","21","2011-11-05","0"
"7154","16","110","5","2011-11-05","0"
"7155","17","110","2","2011-11-05","0"
"7156","18","110","0","2011-11-05","0"
"7157","19","110","0","2011-11-05","0"
"7158","20","110","0","2011-11-05","0"
"7159","21","110","0","2011-11-05","0"
"7160","22","110","0","2011-11-05","0"
"7161","23","110","0","2011-11-05","0"
"7162","24","110","300","2011-11-05","0"
"7163","25","110","15","2011-11-05","0"
"7164","26","110","30","2011-11-05","0"
"7165","27","110","15","2011-11-05","0"
"7166","28","110","15","2011-11-05","0"
"7167","29","110","15","2011-11-05","0"
"7168","30","110","60","2011-11-05","0"
"7169","31","110","2","2011-11-05","0"
"7170","32","110","30","2011-11-05","0"
"7171","33","110","100","2011-11-05","0"
"7172","34","110","1","2011-11-05","0"
"7173","35","110","3","2011-11-05","0"
"7174","36","110","3","2011-11-05","0"
"7175","37","110","4","2011-11-05","0"
"7176","38","110","6","2011-11-05","0"
"7177","39","110","9","2011-11-05","0"
"7178","40","110","2","2011-11-05","0"
"7179","41","110","3","2011-11-05","0"
"7180","42","110","1","2011-11-05","0"
"7181","43","110","0","2011-11-05","0"
"7182","44","110","6","2011-11-05","0"
"7183","45","110","30","2011-11-05","0"
"7184","46","110","3","2011-11-05","0"
"7185","47","110","3","2011-11-05","0"
"7186","48","110","6","2011-11-05","0"
"7187","49","110","5","2011-11-05","0"
"7188","50","110","50","2011-11-05","0"
"7189","51","110","30","2011-11-05","0"
"7190","52","110","3","2011-11-05","0"
"7191","53","110","100","2011-11-05","0"
"7192","54","110","100","2011-11-05","0"
"7193","55","110","150","2011-11-05","0"
"7194","15","113","0","2011-10-26","0"
"7195","16","113","0","2011-10-26","0"
"7196","17","113","0","2011-10-26","0"
"7197","18","113","0","2011-10-26","0"
"7198","19","113","0","2011-10-26","0"
"7199","20","113","0","2011-10-26","0"
"7200","21","113","0","2011-10-26","0"
"7201","22","113","0","2011-10-26","0"
"7202","23","113","0","2011-10-26","0"
"7203","24","113","0","2011-10-26","0"
"7204","25","113","0","2011-10-26","0"
"7205","26","113","0","2011-10-26","0"
"7206","27","113","0","2011-10-26","0"
"7207","28","113","0","2011-10-26","0"
"7208","29","113","0","2011-10-26","0"
"7209","30","113","0","2011-10-26","0"
"7210","31","113","0","2011-10-26","0"
"7211","32","113","0","2011-10-26","0"
"7212","33","113","0","2011-10-26","0"
"7213","34","113","0","2011-10-26","0"
"7214","35","113","0","2011-10-26","0"
"7215","36","113","0","2011-10-26","0"
"7216","37","113","0","2011-10-26","0"
"7217","38","113","0","2011-10-26","0"
"7218","39","113","0","2011-10-26","0"
"7219","40","113","0","2011-10-26","0"
"7220","41","113","0","2011-10-26","0"
"7221","42","113","0","2011-10-26","0"
"7222","43","113","0","2011-10-26","0"
"7223","44","113","0","2011-10-26","0"
"7224","45","113","0","2011-10-26","0"
"7225","46","113","0","2011-10-26","0"
"7226","47","113","0","2011-10-26","0"
"7227","48","113","0","2011-10-26","0"
"7228","49","113","0","2011-10-26","0"
"7229","50","113","0","2011-10-26","0"
"7230","51","113","0","2011-10-26","0"
"7231","52","113","0","2011-10-26","0"
"7232","53","113","0","2011-10-26","0"
"7233","54","113","0","2011-10-26","0"
"7234","55","113","0","2011-10-26","0"
"7235","15","113","0","2011-10-27","0"
"7236","16","113","0","2011-10-27","0"
"7237","17","113","0","2011-10-27","0"
"7238","18","113","0","2011-10-27","0"
"7239","19","113","0","2011-10-27","0"
"7240","20","113","0","2011-10-27","0"
"7241","21","113","0","2011-10-27","0"
"7242","22","113","0","2011-10-27","0"
"7243","23","113","0","2011-10-27","0"
"7244","24","113","0","2011-10-27","0"
"7245","25","113","0","2011-10-27","0"
"7246","26","113","0","2011-10-27","0"
"7247","27","113","0","2011-10-27","0"
"7248","28","113","0","2011-10-27","0"
"7249","29","113","0","2011-10-27","0"
"7250","30","113","0","2011-10-27","0"
"7251","31","113","0","2011-10-27","0"
"7252","32","113","0","2011-10-27","0"
"7253","33","113","0","2011-10-27","0"
"7254","34","113","0","2011-10-27","0"
"7255","35","113","0","2011-10-27","0"
"7256","36","113","0","2011-10-27","0"
"7257","37","113","0","2011-10-27","0"
"7258","38","113","0","2011-10-27","0"
"7259","39","113","0","2011-10-27","0"
"7260","40","113","0","2011-10-27","0"
"7261","41","113","0","2011-10-27","0"
"7262","42","113","0","2011-10-27","0"
"7263","43","113","0","2011-10-27","0"
"7264","44","113","0","2011-10-27","0"
"7265","45","113","0","2011-10-27","0"
"7266","46","113","0","2011-10-27","0"
"7267","47","113","0","2011-10-27","0"
"7268","48","113","0","2011-10-27","0"
"7269","49","113","0","2011-10-27","0"
"7270","50","113","0","2011-10-27","0"
"7271","51","113","0","2011-10-27","0"
"7272","52","113","0","2011-10-27","0"
"7273","53","113","0","2011-10-27","0"
"7274","54","113","0","2011-10-27","0"
"7275","55","113","0","2011-10-27","0"
"7276","15","113","0","2011-10-28","0"
"7277","16","113","0","2011-10-28","0"
"7278","17","113","0","2011-10-28","0"
"7279","18","113","0","2011-10-28","0"
"7280","19","113","0","2011-10-28","0"
"7281","20","113","0","2011-10-28","0"
"7282","21","113","2","2011-10-28","0"
"7283","22","113","2","2011-10-28","0"
"7284","23","113","0","2011-10-28","0"
"7285","24","113","100","2011-10-28","0"
"7286","25","113","5","2011-10-28","0"
"7287","26","113","10","2011-10-28","0"
"7288","27","113","5","2011-10-28","0"
"7289","28","113","5","2011-10-28","0"
"7290","29","113","5","2011-10-28","0"
"7291","30","113","20","2011-10-28","0"
"7292","31","113","0","2011-10-28","0"
"7293","32","113","10","2011-10-28","0"
"7294","33","113","5","2011-10-28","0"
"7295","34","113","1","2011-10-28","0"
"7296","35","113","1","2011-10-28","0"
"7297","36","113","1","2011-10-28","0"
"7298","37","113","0","2011-10-28","0"
"7299","38","113","2","2011-10-28","0"
"7300","39","113","3","2011-10-28","0"
"7301","40","113","1","2011-10-28","0"
"7302","41","113","1","2011-10-28","0"
"7303","42","113","0","2011-10-28","0"
"7304","43","113","0","2011-10-28","0"
"7305","44","113","2","2011-10-28","0"
"7306","45","113","10","2011-10-28","0"
"7307","46","113","1","2011-10-28","0"
"7308","47","113","1","2011-10-28","0"
"7309","48","113","2","2011-10-28","0"
"7310","49","113","1","2011-10-28","0"
"7311","50","113","5","2011-10-28","0"
"7312","51","113","10","2011-10-28","0"
"7313","52","113","1","2011-10-28","0"
"7314","53","113","5","2011-10-28","0"
"7315","54","113","5","2011-10-28","0"
"7316","55","113","5","2011-10-28","0"
"7317","15","113","0","2011-10-29","0"
"7318","16","113","0","2011-10-29","0"
"7319","17","113","0","2011-10-29","0"
"7320","18","113","0","2011-10-29","0"
"7321","19","113","0","2011-10-29","0"
"7322","20","113","0","2011-10-29","0"
"7323","21","113","2","2011-10-29","0"
"7324","22","113","2","2011-10-29","0"
"7325","23","113","1","2011-10-29","0"
"7326","24","113","100","2011-10-29","0"
"7327","25","113","5","2011-10-29","0"
"7328","26","113","10","2011-10-29","0"
"7329","27","113","5","2011-10-29","0"
"7330","28","113","5","2011-10-29","0"
"7331","29","113","5","2011-10-29","0"
"7332","30","113","20","2011-10-29","0"
"7333","31","113","0","2011-10-29","0"
"7334","32","113","10","2011-10-29","0"
"7335","33","113","5","2011-10-29","0"
"7336","34","113","1","2011-10-29","0"
"7337","35","113","1","2011-10-29","0"
"7338","36","113","1","2011-10-29","0"
"7339","37","113","1","2011-10-29","0"
"7340","38","113","2","2011-10-29","0"
"7341","39","113","3","2011-10-29","0"
"7342","40","113","1","2011-10-29","0"
"7343","41","113","1","2011-10-29","0"
"7344","42","113","0","2011-10-29","0"
"7345","43","113","0","2011-10-29","0"
"7346","44","113","2","2011-10-29","0"
"7347","45","113","10","2011-10-29","0"
"7348","46","113","1","2011-10-29","0"
"7349","47","113","1","2011-10-29","0"
"7350","48","113","2","2011-10-29","0"
"7351","49","113","1","2011-10-29","0"
"7352","50","113","5","2011-10-29","0"
"7353","51","113","10","2011-10-29","0"
"7354","52","113","1","2011-10-29","0"
"7355","53","113","5","2011-10-29","0"
"7356","54","113","5","2011-10-29","0"
"7357","55","113","5","2011-10-29","0"
"7358","15","113","0","2011-10-30","0"
"7359","16","113","0","2011-10-30","0"
"7360","17","113","0","2011-10-30","0"
"7361","18","113","0","2011-10-30","0"
"7362","19","113","0","2011-10-30","0"
"7363","20","113","0","2011-10-30","0"
"7364","21","113","0","2011-10-30","0"
"7365","22","113","0","2011-10-30","0"
"7366","23","113","0","2011-10-30","0"
"7367","24","113","0","2011-10-30","0"
"7368","25","113","0","2011-10-30","0"
"7369","26","113","0","2011-10-30","0"
"7370","27","113","0","2011-10-30","0"
"7371","28","113","0","2011-10-30","0"
"7372","29","113","0","2011-10-30","0"
"7373","30","113","0","2011-10-30","0"
"7374","31","113","0","2011-10-30","0"
"7375","32","113","0","2011-10-30","0"
"7376","33","113","0","2011-10-30","0"
"7377","34","113","0","2011-10-30","0"
"7378","35","113","0","2011-10-30","0"
"7379","36","113","0","2011-10-30","0"
"7380","37","113","0","2011-10-30","0"
"7381","38","113","0","2011-10-30","0"
"7382","39","113","0","2011-10-30","0"
"7383","40","113","0","2011-10-30","0"
"7384","41","113","0","2011-10-30","0"
"7385","42","113","0","2011-10-30","0"
"7386","43","113","0","2011-10-30","0"
"7387","44","113","0","2011-10-30","0"
"7388","45","113","0","2011-10-30","0"
"7389","46","113","0","2011-10-30","0"
"7390","47","113","0","2011-10-30","0"
"7391","48","113","0","2011-10-30","0"
"7392","49","113","0","2011-10-30","0"
"7393","50","113","0","2011-10-30","0"
"7394","51","113","0","2011-10-30","0"
"7395","52","113","0","2011-10-30","0"
"7396","53","113","0","2011-10-30","0"
"7397","54","113","0","2011-10-30","0"
"7398","55","113","0","2011-10-30","0"
"7399","15","113","0","2011-10-31","0"
"7400","16","113","0","2011-10-31","0"
"7401","17","113","0","2011-10-31","0"
"7402","18","113","0","2011-10-31","0"
"7403","19","113","0","2011-10-31","0"
"7404","20","113","0","2011-10-31","0"
"7405","21","113","2","2011-10-31","0"
"7406","22","113","1","2011-10-31","0"
"7407","23","113","0","2011-10-31","0"
"7408","24","113","100","2011-10-31","0"
"7409","25","113","5","2011-10-31","0"
"7410","26","113","10","2011-10-31","0"
"7411","27","113","5","2011-10-31","0"
"7412","28","113","5","2011-10-31","0"
"7413","29","113","5","2011-10-31","0"
"7414","30","113","20","2011-10-31","0"
"7415","31","113","0","2011-10-31","0"
"7416","32","113","10","2011-10-31","0"
"7417","33","113","5","2011-10-31","0"
"7418","34","113","1","2011-10-31","0"
"7419","35","113","1","2011-10-31","0"
"7420","36","113","1","2011-10-31","0"
"7421","37","113","0","2011-10-31","0"
"7422","38","113","2","2011-10-31","0"
"7423","39","113","3","2011-10-31","0"
"7424","40","113","1","2011-10-31","0"
"7425","41","113","1","2011-10-31","0"
"7426","42","113","0","2011-10-31","0"
"7427","43","113","0","2011-10-31","0"
"7428","44","113","2","2011-10-31","0"
"7429","45","113","10","2011-10-31","0"
"7430","46","113","1","2011-10-31","0"
"7431","47","113","1","2011-10-31","0"
"7432","48","113","2","2011-10-31","0"
"7433","49","113","1","2011-10-31","0"
"7434","50","113","5","2011-10-31","0"
"7435","51","113","10","2011-10-31","0"
"7436","52","113","1","2011-10-31","0"
"7437","53","113","5","2011-10-31","0"
"7438","54","113","5","2011-10-31","0"
"7439","55","113","5","2011-10-31","0"
"7440","15","113","0","2011-11-01","0"
"7441","16","113","0","2011-11-01","0"
"7442","17","113","0","2011-11-01","0"
"7443","18","113","0","2011-11-01","0"
"7444","19","113","0","2011-11-01","0"
"7445","20","113","0","2011-11-01","0"
"7446","21","113","2","2011-11-01","0"
"7447","22","113","2","2011-11-01","0"
"7448","23","113","0","2011-11-01","0"
"7449","24","113","100","2011-11-01","0"
"7450","25","113","5","2011-11-01","0"
"7451","26","113","10","2011-11-01","0"
"7452","27","113","5","2011-11-01","0"
"7453","28","113","5","2011-11-01","0"
"7454","29","113","5","2011-11-01","0"
"7455","30","113","20","2011-11-01","0"
"7456","31","113","0","2011-11-01","0"
"7457","32","113","10","2011-11-01","0"
"7458","33","113","5","2011-11-01","0"
"7459","34","113","1","2011-11-01","0"
"7460","35","113","1","2011-11-01","0"
"7461","36","113","1","2011-11-01","0"
"7462","37","113","0","2011-11-01","0"
"7463","38","113","2","2011-11-01","0"
"7464","39","113","3","2011-11-01","0"
"7465","40","113","1","2011-11-01","0"
"7466","41","113","1","2011-11-01","0"
"7467","42","113","0","2011-11-01","0"
"7468","43","113","0","2011-11-01","0"
"7469","44","113","2","2011-11-01","0"
"7470","45","113","10","2011-11-01","0"
"7471","46","113","1","2011-11-01","0"
"7472","47","113","1","2011-11-01","0"
"7473","48","113","2","2011-11-01","0"
"7474","49","113","1","2011-11-01","0"
"7475","50","113","5","2011-11-01","0"
"7476","51","113","10","2011-11-01","0"
"7477","52","113","1","2011-11-01","0"
"7478","53","113","5","2011-11-01","0"
"7479","54","113","5","2011-11-01","0"
"7480","55","113","5","2011-11-01","0"
"7481","15","113","0","2011-11-02","0"
"7482","16","113","0","2011-11-02","0"
"7483","17","113","0","2011-11-02","0"
"7484","18","113","0","2011-11-02","0"
"7485","19","113","0","2011-11-02","0"
"7486","20","113","0","2011-11-02","0"
"7487","21","113","2","2011-11-02","0"
"7488","22","113","2","2011-11-02","0"
"7489","23","113","1","2011-11-02","0"
"7490","24","113","100","2011-11-02","0"
"7491","25","113","5","2011-11-02","0"
"7492","26","113","10","2011-11-02","0"
"7493","27","113","5","2011-11-02","0"
"7494","28","113","5","2011-11-02","0"
"7495","29","113","5","2011-11-02","0"
"7496","30","113","20","2011-11-02","0"
"7497","31","113","0","2011-11-02","0"
"7498","32","113","10","2011-11-02","0"
"7499","33","113","5","2011-11-02","0"
"7500","34","113","1","2011-11-02","0"
"7501","35","113","1","2011-11-02","0"
"7502","36","113","1","2011-11-02","0"
"7503","37","113","0","2011-11-02","0"
"7504","38","113","2","2011-11-02","0"
"7505","39","113","3","2011-11-02","0"
"7506","40","113","1","2011-11-02","0"
"7507","41","113","1","2011-11-02","0"
"7508","42","113","0","2011-11-02","0"
"7509","43","113","0","2011-11-02","0"
"7510","44","113","2","2011-11-02","0"
"7511","45","113","10","2011-11-02","0"
"7512","46","113","1","2011-11-02","0"
"7513","47","113","1","2011-11-02","0"
"7514","48","113","2","2011-11-02","0"
"7515","49","113","1","2011-11-02","0"
"7516","50","113","5","2011-11-02","0"
"7517","51","113","10","2011-11-02","0"
"7518","52","113","1","2011-11-02","0"
"7519","53","113","5","2011-11-02","0"
"7520","54","113","5","2011-11-02","0"
"7521","55","113","5","2011-11-02","0"
"7522","15","113","0","2011-11-03","0"
"7523","16","113","0","2011-11-03","0"
"7524","17","113","0","2011-11-03","0"
"7525","18","113","0","2011-11-03","0"
"7526","19","113","0","2011-11-03","0"
"7527","20","113","0","2011-11-03","0"
"7528","21","113","2","2011-11-03","0"
"7529","22","113","1","2011-11-03","0"
"7530","23","113","0","2011-11-03","0"
"7531","24","113","100","2011-11-03","0"
"7532","25","113","5","2011-11-03","0"
"7533","26","113","10","2011-11-03","0"
"7534","27","113","5","2011-11-03","0"
"7535","28","113","5","2011-11-03","0"
"7536","29","113","5","2011-11-03","0"
"7537","30","113","20","2011-11-03","0"
"7538","31","113","0","2011-11-03","0"
"7539","32","113","10","2011-11-03","0"
"7540","33","113","5","2011-11-03","0"
"7541","34","113","1","2011-11-03","0"
"7542","35","113","1","2011-11-03","0"
"7543","36","113","1","2011-11-03","0"
"7544","37","113","0","2011-11-03","0"
"7545","38","113","2","2011-11-03","0"
"7546","39","113","3","2011-11-03","0"
"7547","40","113","1","2011-11-03","0"
"7548","41","113","1","2011-11-03","0"
"7549","42","113","0","2011-11-03","0"
"7550","43","113","0","2011-11-03","0"
"7551","44","113","2","2011-11-03","0"
"7552","45","113","10","2011-11-03","0"
"7553","46","113","1","2011-11-03","0"
"7554","47","113","1","2011-11-03","0"
"7555","48","113","2","2011-11-03","0"
"7556","49","113","1","2011-11-03","0"
"7557","50","113","5","2011-11-03","0"
"7558","51","113","10","2011-11-03","0"
"7559","52","113","1","2011-11-03","0"
"7560","53","113","5","2011-11-03","0"
"7561","54","113","5","2011-11-03","0"
"7562","55","113","5","2011-11-03","0"
"7563","15","113","0","2011-11-04","0"
"7564","16","113","0","2011-11-04","0"
"7565","17","113","0","2011-11-04","0"
"7566","18","113","0","2011-11-04","0"
"7567","19","113","0","2011-11-04","0"
"7568","20","113","0","2011-11-04","0"
"7569","21","113","2","2011-11-04","0"
"7570","22","113","2","2011-11-04","0"
"7571","23","113","0","2011-11-04","0"
"7572","24","113","100","2011-11-04","0"
"7573","25","113","5","2011-11-04","0"
"7574","26","113","10","2011-11-04","0"
"7575","27","113","5","2011-11-04","0"
"7576","28","113","5","2011-11-04","0"
"7577","29","113","5","2011-11-04","0"
"7578","30","113","20","2011-11-04","0"
"7579","31","113","0","2011-11-04","0"
"7580","32","113","10","2011-11-04","0"
"7581","33","113","5","2011-11-04","0"
"7582","34","113","1","2011-11-04","0"
"7583","35","113","1","2011-11-04","0"
"7584","36","113","1","2011-11-04","0"
"7585","37","113","1","2011-11-04","0"
"7586","38","113","2","2011-11-04","0"
"7587","39","113","3","2011-11-04","0"
"7588","40","113","1","2011-11-04","0"
"7589","41","113","1","2011-11-04","0"
"7590","42","113","0","2011-11-04","0"
"7591","43","113","0","2011-11-04","0"
"7592","44","113","2","2011-11-04","0"
"7593","45","113","10","2011-11-04","0"
"7594","46","113","1","2011-11-04","0"
"7595","47","113","1","2011-11-04","0"
"7596","48","113","2","2011-11-04","0"
"7597","49","113","1","2011-11-04","0"
"7598","50","113","5","2011-11-04","0"
"7599","51","113","10","2011-11-04","0"
"7600","52","113","1","2011-11-04","0"
"7601","53","113","5","2011-11-04","0"
"7602","54","113","5","2011-11-04","0"
"7603","55","113","5","2011-11-04","0"
"7604","15","113","0","2011-11-05","0"
"7605","16","113","0","2011-11-05","0"
"7606","17","113","0","2011-11-05","0"
"7607","18","113","0","2011-11-05","0"
"7608","19","113","0","2011-11-05","0"
"7609","20","113","0","2011-11-05","0"
"7610","21","113","2","2011-11-05","0"
"7611","22","113","2","2011-11-05","0"
"7612","23","113","1","2011-11-05","0"
"7613","24","113","100","2011-11-05","0"
"7614","25","113","5","2011-11-05","0"
"7615","26","113","10","2011-11-05","0"
"7616","27","113","5","2011-11-05","0"
"7617","28","113","5","2011-11-05","0"
"7618","29","113","5","2011-11-05","0"
"7619","30","113","20","2011-11-05","0"
"7620","31","113","0","2011-11-05","0"
"7621","32","113","10","2011-11-05","0"
"7622","33","113","5","2011-11-05","0"
"7623","34","113","1","2011-11-05","0"
"7624","35","113","1","2011-11-05","0"
"7625","36","113","1","2011-11-05","0"
"7626","37","113","0","2011-11-05","0"
"7627","38","113","2","2011-11-05","0"
"7628","39","113","3","2011-11-05","0"
"7629","40","113","1","2011-11-05","0"
"7630","41","113","1","2011-11-05","0"
"7631","42","113","0","2011-11-05","0"
"7632","43","113","0","2011-11-05","0"
"7633","44","113","2","2011-11-05","0"
"7634","45","113","10","2011-11-05","0"
"7635","46","113","1","2011-11-05","0"
"7636","47","113","1","2011-11-05","0"
"7637","48","113","2","2011-11-05","0"
"7638","49","113","1","2011-11-05","0"
"7639","50","113","5","2011-11-05","0"
"7640","51","113","10","2011-11-05","0"
"7641","52","113","1","2011-11-05","0"
"7642","53","113","5","2011-11-05","0"
"7643","54","113","5","2011-11-05","0"
"7644","55","113","5","2011-11-05","0"
"7645","15","112","0","2011-10-26","0"
"7646","16","112","0","2011-10-26","0"
"7647","17","112","0","2011-10-26","0"
"7648","18","112","0","2011-10-26","0"
"7649","19","112","0","2011-10-26","0"
"7650","20","112","0","2011-10-26","0"
"7651","21","112","0","2011-10-26","0"
"7652","22","112","0","2011-10-26","0"
"7653","23","112","0","2011-10-26","0"
"7654","24","112","0","2011-10-26","0"
"7655","25","112","0","2011-10-26","0"
"7656","26","112","0","2011-10-26","0"
"7657","27","112","0","2011-10-26","0"
"7658","28","112","0","2011-10-26","0"
"7659","29","112","0","2011-10-26","0"
"7660","30","112","0","2011-10-26","0"
"7661","31","112","0","2011-10-26","0"
"7662","32","112","0","2011-10-26","0"
"7663","33","112","0","2011-10-26","0"
"7664","34","112","0","2011-10-26","0"
"7665","35","112","0","2011-10-26","0"
"7666","36","112","0","2011-10-26","0"
"7667","37","112","0","2011-10-26","0"
"7668","38","112","0","2011-10-26","0"
"7669","39","112","0","2011-10-26","0"
"7670","40","112","0","2011-10-26","0"
"7671","41","112","0","2011-10-26","0"
"7672","42","112","0","2011-10-26","0"
"7673","43","112","0","2011-10-26","0"
"7674","44","112","0","2011-10-26","0"
"7675","45","112","0","2011-10-26","0"
"7676","46","112","0","2011-10-26","0"
"7677","47","112","0","2011-10-26","0"
"7678","48","112","0","2011-10-26","0"
"7679","49","112","0","2011-10-26","0"
"7680","50","112","0","2011-10-26","0"
"7681","51","112","0","2011-10-26","0"
"7682","52","112","0","2011-10-26","0"
"7683","53","112","0","2011-10-26","0"
"7684","54","112","0","2011-10-26","0"
"7685","55","112","0","2011-10-26","0"
"7686","15","112","0","2011-10-27","0"
"7687","16","112","0","2011-10-27","0"
"7688","17","112","0","2011-10-27","0"
"7689","18","112","0","2011-10-27","0"
"7690","19","112","0","2011-10-27","0"
"7691","20","112","0","2011-10-27","0"
"7692","21","112","0","2011-10-27","0"
"7693","22","112","0","2011-10-27","0"
"7694","23","112","0","2011-10-27","0"
"7695","24","112","0","2011-10-27","0"
"7696","25","112","0","2011-10-27","0"
"7697","26","112","0","2011-10-27","0"
"7698","27","112","0","2011-10-27","0"
"7699","28","112","0","2011-10-27","0"
"7700","29","112","0","2011-10-27","0"
"7701","30","112","0","2011-10-27","0"
"7702","31","112","0","2011-10-27","0"
"7703","32","112","0","2011-10-27","0"
"7704","33","112","0","2011-10-27","0"
"7705","34","112","0","2011-10-27","0"
"7706","35","112","0","2011-10-27","0"
"7707","36","112","0","2011-10-27","0"
"7708","37","112","0","2011-10-27","0"
"7709","38","112","0","2011-10-27","0"
"7710","39","112","0","2011-10-27","0"
"7711","40","112","0","2011-10-27","0"
"7712","41","112","0","2011-10-27","0"
"7713","42","112","0","2011-10-27","0"
"7714","43","112","0","2011-10-27","0"
"7715","44","112","0","2011-10-27","0"
"7716","45","112","0","2011-10-27","0"
"7717","46","112","0","2011-10-27","0"
"7718","47","112","0","2011-10-27","0"
"7719","48","112","0","2011-10-27","0"
"7720","49","112","0","2011-10-27","0"
"7721","50","112","0","2011-10-27","0"
"7722","51","112","0","2011-10-27","0"
"7723","52","112","0","2011-10-27","0"
"7724","53","112","0","2011-10-27","0"
"7725","54","112","0","2011-10-27","0"
"7726","55","112","0","2011-10-27","0"
"7727","15","112","0","2011-10-28","0"
"7728","16","112","0","2011-10-28","0"
"7729","17","112","0","2011-10-28","0"
"7730","18","112","22","2011-10-28","0"
"7731","19","112","5","2011-10-28","0"
"7732","20","112","2","2011-10-28","0"
"7733","21","112","0","2011-10-28","0"
"7734","22","112","0","2011-10-28","0"
"7735","23","112","0","2011-10-28","0"
"7736","24","112","300","2011-10-28","0"
"7737","25","112","15","2011-10-28","0"
"7738","26","112","30","2011-10-28","0"
"7739","27","112","15","2011-10-28","0"
"7740","28","112","15","2011-10-28","0"
"7741","29","112","15","2011-10-28","0"
"7742","30","112","60","2011-10-28","0"
"7743","31","112","1","2011-10-28","0"
"7744","32","112","30","2011-10-28","0"
"7745","33","112","100","2011-10-28","0"
"7746","34","112","2","2011-10-28","0"
"7747","35","112","3","2011-10-28","0"
"7748","36","112","3","2011-10-28","0"
"7749","37","112","5","2011-10-28","0"
"7750","38","112","6","2011-10-28","0"
"7751","39","112","9","2011-10-28","0"
"7752","40","112","1","2011-10-28","0"
"7753","41","112","3","2011-10-28","0"
"7754","42","112","0","2011-10-28","0"
"7755","43","112","1","2011-10-28","0"
"7756","44","112","6","2011-10-28","0"
"7757","45","112","30","2011-10-28","0"
"7758","46","112","3","2011-10-28","0"
"7759","47","112","3","2011-10-28","0"
"7760","48","112","6","2011-10-28","0"
"7761","49","112","4","2011-10-28","0"
"7762","50","112","50","2011-10-28","0"
"7763","51","112","30","2011-10-28","0"
"7764","52","112","3","2011-10-28","0"
"7765","53","112","100","2011-10-28","0"
"7766","54","112","100","2011-10-28","0"
"7767","55","112","150","2011-10-28","0"
"7768","15","112","0","2011-10-29","0"
"7769","16","112","0","2011-10-29","0"
"7770","17","112","0","2011-10-29","0"
"7771","18","112","22","2011-10-29","0"
"7772","19","112","6","2011-10-29","0"
"7773","20","112","2","2011-10-29","0"
"7774","21","112","0","2011-10-29","0"
"7775","22","112","0","2011-10-29","0"
"7776","23","112","0","2011-10-29","0"
"7777","24","112","300","2011-10-29","0"
"7778","25","112","15","2011-10-29","0"
"7779","26","112","30","2011-10-29","0"
"7780","27","112","15","2011-10-29","0"
"7781","28","112","15","2011-10-29","0"
"7782","29","112","15","2011-10-29","0"
"7783","30","112","60","2011-10-29","0"
"7784","31","112","1","2011-10-29","0"
"7785","32","112","30","2011-10-29","0"
"7786","33","112","100","2011-10-29","0"
"7787","34","112","2","2011-10-29","0"
"7788","35","112","3","2011-10-29","0"
"7789","36","112","3","2011-10-29","0"
"7790","37","112","5","2011-10-29","0"
"7791","38","112","6","2011-10-29","0"
"7792","39","112","9","2011-10-29","0"
"7793","40","112","1","2011-10-29","0"
"7794","41","112","3","2011-10-29","0"
"7795","42","112","0","2011-10-29","0"
"7796","43","112","1","2011-10-29","0"
"7797","44","112","6","2011-10-29","0"
"7798","45","112","30","2011-10-29","0"
"7799","46","112","3","2011-10-29","0"
"7800","47","112","3","2011-10-29","0"
"7801","48","112","6","2011-10-29","0"
"7802","49","112","4","2011-10-29","0"
"7803","50","112","50","2011-10-29","0"
"7804","51","112","30","2011-10-29","0"
"7805","52","112","3","2011-10-29","0"
"7806","53","112","100","2011-10-29","0"
"7807","54","112","100","2011-10-29","0"
"7808","55","112","150","2011-10-29","0"
"7809","15","112","0","2011-10-30","0"
"7810","16","112","0","2011-10-30","0"
"7811","17","112","0","2011-10-30","0"
"7812","18","112","0","2011-10-30","0"
"7813","19","112","0","2011-10-30","0"
"7814","20","112","0","2011-10-30","0"
"7815","21","112","0","2011-10-30","0"
"7816","22","112","0","2011-10-30","0"
"7817","23","112","0","2011-10-30","0"
"7818","24","112","0","2011-10-30","0"
"7819","25","112","0","2011-10-30","0"
"7820","26","112","0","2011-10-30","0"
"7821","27","112","0","2011-10-30","0"
"7822","28","112","0","2011-10-30","0"
"7823","29","112","0","2011-10-30","0"
"7824","30","112","0","2011-10-30","0"
"7825","31","112","0","2011-10-30","0"
"7826","32","112","0","2011-10-30","0"
"7827","33","112","0","2011-10-30","0"
"7828","34","112","0","2011-10-30","0"
"7829","35","112","0","2011-10-30","0"
"7830","36","112","0","2011-10-30","0"
"7831","37","112","0","2011-10-30","0"
"7832","38","112","0","2011-10-30","0"
"7833","39","112","0","2011-10-30","0"
"7834","40","112","0","2011-10-30","0"
"7835","41","112","0","2011-10-30","0"
"7836","42","112","0","2011-10-30","0"
"7837","43","112","0","2011-10-30","0"
"7838","44","112","0","2011-10-30","0"
"7839","45","112","0","2011-10-30","0"
"7840","46","112","0","2011-10-30","0"
"7841","47","112","0","2011-10-30","0"
"7842","48","112","0","2011-10-30","0"
"7843","49","112","0","2011-10-30","0"
"7844","50","112","0","2011-10-30","0"
"7845","51","112","0","2011-10-30","0"
"7846","52","112","0","2011-10-30","0"
"7847","53","112","0","2011-10-30","0"
"7848","54","112","0","2011-10-30","0"
"7849","55","112","0","2011-10-30","0"
"7850","15","112","0","2011-10-31","0"
"7851","16","112","0","2011-10-31","0"
"7852","17","112","0","2011-10-31","0"
"7853","18","112","21","2011-10-31","0"
"7854","19","112","5","2011-10-31","0"
"7855","20","112","2","2011-10-31","0"
"7856","21","112","0","2011-10-31","0"
"7857","22","112","0","2011-10-31","0"
"7858","23","112","0","2011-10-31","0"
"7859","24","112","300","2011-10-31","0"
"7860","25","112","15","2011-10-31","0"
"7861","26","112","30","2011-10-31","0"
"7862","27","112","15","2011-10-31","0"
"7863","28","112","15","2011-10-31","0"
"7864","29","112","15","2011-10-31","0"
"7865","30","112","60","2011-10-31","0"
"7866","31","112","1","2011-10-31","0"
"7867","32","112","30","2011-10-31","0"
"7868","33","112","100","2011-10-31","0"
"7869","34","112","2","2011-10-31","0"
"7870","35","112","3","2011-10-31","0"
"7871","36","112","3","2011-10-31","0"
"7872","37","112","5","2011-10-31","0"
"7873","38","112","6","2011-10-31","0"
"7874","39","112","9","2011-10-31","0"
"7875","40","112","1","2011-10-31","0"
"7876","41","112","3","2011-10-31","0"
"7877","42","112","0","2011-10-31","0"
"7878","43","112","1","2011-10-31","0"
"7879","44","112","6","2011-10-31","0"
"7880","45","112","30","2011-10-31","0"
"7881","46","112","3","2011-10-31","0"
"7882","47","112","3","2011-10-31","0"
"7883","48","112","6","2011-10-31","0"
"7884","49","112","4","2011-10-31","0"
"7885","50","112","50","2011-10-31","0"
"7886","51","112","30","2011-10-31","0"
"7887","52","112","3","2011-10-31","0"
"7888","53","112","100","2011-10-31","0"
"7889","54","112","100","2011-10-31","0"
"7890","55","112","150","2011-10-31","0"
"7891","15","112","0","2011-11-01","0"
"7892","16","112","0","2011-11-01","0"
"7893","17","112","0","2011-11-01","0"
"7894","18","112","21","2011-11-01","0"
"7895","19","112","5","2011-11-01","0"
"7896","20","112","2","2011-11-01","0"
"7897","21","112","0","2011-11-01","0"
"7898","22","112","0","2011-11-01","0"
"7899","23","112","0","2011-11-01","0"
"7900","24","112","300","2011-11-01","0"
"7901","25","112","15","2011-11-01","0"
"7902","26","112","30","2011-11-01","0"
"7903","27","112","15","2011-11-01","0"
"7904","28","112","15","2011-11-01","0"
"7905","29","112","15","2011-11-01","0"
"7906","30","112","60","2011-11-01","0"
"7907","31","112","1","2011-11-01","0"
"7908","32","112","30","2011-11-01","0"
"7909","33","112","100","2011-11-01","0"
"7910","34","112","2","2011-11-01","0"
"7911","35","112","3","2011-11-01","0"
"7912","36","112","3","2011-11-01","0"
"7913","37","112","5","2011-11-01","0"
"7914","38","112","6","2011-11-01","0"
"7915","39","112","9","2011-11-01","0"
"7916","40","112","1","2011-11-01","0"
"7917","41","112","3","2011-11-01","0"
"7918","42","112","0","2011-11-01","0"
"7919","43","112","1","2011-11-01","0"
"7920","44","112","6","2011-11-01","0"
"7921","45","112","30","2011-11-01","0"
"7922","46","112","3","2011-11-01","0"
"7923","47","112","3","2011-11-01","0"
"7924","48","112","6","2011-11-01","0"
"7925","49","112","4","2011-11-01","0"
"7926","50","112","50","2011-11-01","0"
"7927","51","112","30","2011-11-01","0"
"7928","52","112","3","2011-11-01","0"
"7929","53","112","100","2011-11-01","0"
"7930","54","112","100","2011-11-01","0"
"7931","55","112","150","2011-11-01","0"
"7932","15","112","0","2011-11-02","0"
"7933","16","112","0","2011-11-02","0"
"7934","17","112","0","2011-11-02","0"
"7935","18","112","21","2011-11-02","0"
"7936","19","112","5","2011-11-02","0"
"7937","20","112","2","2011-11-02","0"
"7938","21","112","0","2011-11-02","0"
"7939","22","112","0","2011-11-02","0"
"7940","23","112","0","2011-11-02","0"
"7941","24","112","300","2011-11-02","0"
"7942","25","112","15","2011-11-02","0"
"7943","26","112","30","2011-11-02","0"
"7944","27","112","15","2011-11-02","0"
"7945","28","112","15","2011-11-02","0"
"7946","29","112","15","2011-11-02","0"
"7947","30","112","60","2011-11-02","0"
"7948","31","112","1","2011-11-02","0"
"7949","32","112","30","2011-11-02","0"
"7950","33","112","100","2011-11-02","0"
"7951","34","112","2","2011-11-02","0"
"7952","35","112","3","2011-11-02","0"
"7953","36","112","3","2011-11-02","0"
"7954","37","112","5","2011-11-02","0"
"7955","38","112","6","2011-11-02","0"
"7956","39","112","9","2011-11-02","0"
"7957","40","112","1","2011-11-02","0"
"7958","41","112","3","2011-11-02","0"
"7959","42","112","0","2011-11-02","0"
"7960","43","112","1","2011-11-02","0"
"7961","44","112","6","2011-11-02","0"
"7962","45","112","30","2011-11-02","0"
"7963","46","112","3","2011-11-02","0"
"7964","47","112","3","2011-11-02","0"
"7965","48","112","6","2011-11-02","0"
"7966","49","112","4","2011-11-02","0"
"7967","50","112","50","2011-11-02","0"
"7968","51","112","30","2011-11-02","0"
"7969","52","112","3","2011-11-02","0"
"7970","53","112","100","2011-11-02","0"
"7971","54","112","100","2011-11-02","0"
"7972","55","112","150","2011-11-02","0"
"7973","15","112","0","2011-11-03","0"
"7974","16","112","0","2011-11-03","0"
"7975","17","112","0","2011-11-03","0"
"7976","18","112","21","2011-11-03","0"
"7977","19","112","5","2011-11-03","0"
"7978","20","112","2","2011-11-03","0"
"7979","21","112","0","2011-11-03","0"
"7980","22","112","0","2011-11-03","0"
"7981","23","112","0","2011-11-03","0"
"7982","24","112","300","2011-11-03","0"
"7983","25","112","15","2011-11-03","0"
"7984","26","112","30","2011-11-03","0"
"7985","27","112","15","2011-11-03","0"
"7986","28","112","15","2011-11-03","0"
"7987","29","112","15","2011-11-03","0"
"7988","30","112","60","2011-11-03","0"
"7989","31","112","1","2011-11-03","0"
"7990","32","112","30","2011-11-03","0"
"7991","33","112","100","2011-11-03","0"
"7992","34","112","2","2011-11-03","0"
"7993","35","112","3","2011-11-03","0"
"7994","36","112","3","2011-11-03","0"
"7995","37","112","5","2011-11-03","0"
"7996","38","112","6","2011-11-03","0"
"7997","39","112","9","2011-11-03","0"
"7998","40","112","1","2011-11-03","0"
"7999","41","112","3","2011-11-03","0"
"8000","42","112","0","2011-11-03","0"
"8001","43","112","1","2011-11-03","0"
"8002","44","112","6","2011-11-03","0"
"8003","45","112","30","2011-11-03","0"
"8004","46","112","3","2011-11-03","0"
"8005","47","112","3","2011-11-03","0"
"8006","48","112","6","2011-11-03","0"
"8007","49","112","4","2011-11-03","0"
"8008","50","112","50","2011-11-03","0"
"8009","51","112","30","2011-11-03","0"
"8010","52","112","3","2011-11-03","0"
"8011","53","112","100","2011-11-03","0"
"8012","54","112","100","2011-11-03","0"
"8013","55","112","150","2011-11-03","0"
"8014","15","112","0","2011-11-04","0"
"8015","16","112","0","2011-11-04","0"
"8016","17","112","0","2011-11-04","0"
"8017","18","112","22","2011-11-04","0"
"8018","19","112","5","2011-11-04","0"
"8019","20","112","2","2011-11-04","0"
"8020","21","112","0","2011-11-04","0"
"8021","22","112","0","2011-11-04","0"
"8022","23","112","0","2011-11-04","0"
"8023","24","112","300","2011-11-04","0"
"8024","25","112","15","2011-11-04","0"
"8025","26","112","30","2011-11-04","0"
"8026","27","112","15","2011-11-04","0"
"8027","28","112","15","2011-11-04","0"
"8028","29","112","15","2011-11-04","0"
"8029","30","112","60","2011-11-04","0"
"8030","31","112","1","2011-11-04","0"
"8031","32","112","30","2011-11-04","0"
"8032","33","112","100","2011-11-04","0"
"8033","34","112","2","2011-11-04","0"
"8034","35","112","3","2011-11-04","0"
"8035","36","112","3","2011-11-04","0"
"8036","37","112","5","2011-11-04","0"
"8037","38","112","6","2011-11-04","0"
"8038","39","112","9","2011-11-04","0"
"8039","40","112","1","2011-11-04","0"
"8040","41","112","3","2011-11-04","0"
"8041","42","112","0","2011-11-04","0"
"8042","43","112","1","2011-11-04","0"
"8043","44","112","6","2011-11-04","0"
"8044","45","112","30","2011-11-04","0"
"8045","46","112","3","2011-11-04","0"
"8046","47","112","3","2011-11-04","0"
"8047","48","112","6","2011-11-04","0"
"8048","49","112","4","2011-11-04","0"
"8049","50","112","50","2011-11-04","0"
"8050","51","112","30","2011-11-04","0"
"8051","52","112","3","2011-11-04","0"
"8052","53","112","100","2011-11-04","0"
"8053","54","112","100","2011-11-04","0"
"8054","55","112","150","2011-11-04","0"
"8055","15","112","0","2011-11-05","0"
"8056","16","112","0","2011-11-05","0"
"8057","17","112","0","2011-11-05","0"
"8058","18","112","22","2011-11-05","0"
"8059","19","112","6","2011-11-05","0"
"8060","20","112","2","2011-11-05","0"
"8061","21","112","0","2011-11-05","0"
"8062","22","112","0","2011-11-05","0"
"8063","23","112","0","2011-11-05","0"
"8064","24","112","300","2011-11-05","0"
"8065","25","112","15","2011-11-05","0"
"8066","26","112","30","2011-11-05","0"
"8067","27","112","15","2011-11-05","0"
"8068","28","112","15","2011-11-05","0"
"8069","29","112","15","2011-11-05","0"
"8070","30","112","60","2011-11-05","0"
"8071","31","112","1","2011-11-05","0"
"8072","32","112","30","2011-11-05","0"
"8073","33","112","100","2011-11-05","0"
"8074","34","112","2","2011-11-05","0"
"8075","35","112","3","2011-11-05","0"
"8076","36","112","3","2011-11-05","0"
"8077","37","112","5","2011-11-05","0"
"8078","38","112","6","2011-11-05","0"
"8079","39","112","9","2011-11-05","0"
"8080","40","112","1","2011-11-05","0"
"8081","41","112","3","2011-11-05","0"
"8082","42","112","0","2011-11-05","0"
"8083","43","112","1","2011-11-05","0"
"8084","44","112","6","2011-11-05","0"
"8085","45","112","30","2011-11-05","0"
"8086","46","112","3","2011-11-05","0"
"8087","47","112","3","2011-11-05","0"
"8088","48","112","6","2011-11-05","0"
"8089","49","112","4","2011-11-05","0"
"8090","50","112","50","2011-11-05","0"
"8091","51","112","30","2011-11-05","0"
"8092","52","112","3","2011-11-05","0"
"8093","53","112","100","2011-11-05","0"
"8094","54","112","100","2011-11-05","0"
"8095","55","112","150","2011-11-05","0"
"8096","15","111","0","2011-10-26","0"
"8097","16","111","0","2011-10-26","0"
"8098","17","111","0","2011-10-26","0"
"8099","18","111","0","2011-10-26","0"
"8100","19","111","0","2011-10-26","0"
"8101","20","111","0","2011-10-26","0"
"8102","21","111","0","2011-10-26","0"
"8103","22","111","0","2011-10-26","0"
"8104","23","111","0","2011-10-26","0"
"8105","24","111","0","2011-10-26","0"
"8106","25","111","0","2011-10-26","0"
"8107","26","111","0","2011-10-26","0"
"8108","27","111","0","2011-10-26","0"
"8109","28","111","0","2011-10-26","0"
"8110","29","111","0","2011-10-26","0"
"8111","30","111","0","2011-10-26","0"
"8112","31","111","0","2011-10-26","0"
"8113","32","111","0","2011-10-26","0"
"8114","33","111","0","2011-10-26","0"
"8115","34","111","0","2011-10-26","0"
"8116","35","111","0","2011-10-26","0"
"8117","36","111","0","2011-10-26","0"
"8118","37","111","0","2011-10-26","0"
"8119","38","111","0","2011-10-26","0"
"8120","39","111","0","2011-10-26","0"
"8121","40","111","0","2011-10-26","0"
"8122","41","111","0","2011-10-26","0"
"8123","42","111","0","2011-10-26","0"
"8124","43","111","0","2011-10-26","0"
"8125","44","111","0","2011-10-26","0"
"8126","45","111","0","2011-10-26","0"
"8127","46","111","0","2011-10-26","0"
"8128","47","111","0","2011-10-26","0"
"8129","48","111","0","2011-10-26","0"
"8130","49","111","0","2011-10-26","0"
"8131","50","111","0","2011-10-26","0"
"8132","51","111","0","2011-10-26","0"
"8133","52","111","0","2011-10-26","0"
"8134","53","111","0","2011-10-26","0"
"8135","54","111","0","2011-10-26","0"
"8136","55","111","0","2011-10-26","0"
"8137","15","111","0","2011-10-27","0"
"8138","16","111","0","2011-10-27","0"
"8139","17","111","0","2011-10-27","0"
"8140","18","111","0","2011-10-27","0"
"8141","19","111","0","2011-10-27","0"
"8142","20","111","0","2011-10-27","0"
"8143","21","111","0","2011-10-27","0"
"8144","22","111","0","2011-10-27","0"
"8145","23","111","0","2011-10-27","0"
"8146","24","111","0","2011-10-27","0"
"8147","25","111","0","2011-10-27","0"
"8148","26","111","0","2011-10-27","0"
"8149","27","111","0","2011-10-27","0"
"8150","28","111","0","2011-10-27","0"
"8151","29","111","0","2011-10-27","0"
"8152","30","111","0","2011-10-27","0"
"8153","31","111","0","2011-10-27","0"
"8154","32","111","0","2011-10-27","0"
"8155","33","111","0","2011-10-27","0"
"8156","34","111","0","2011-10-27","0"
"8157","35","111","0","2011-10-27","0"
"8158","36","111","0","2011-10-27","0"
"8159","37","111","0","2011-10-27","0"
"8160","38","111","0","2011-10-27","0"
"8161","39","111","0","2011-10-27","0"
"8162","40","111","0","2011-10-27","0"
"8163","41","111","0","2011-10-27","0"
"8164","42","111","0","2011-10-27","0"
"8165","43","111","0","2011-10-27","0"
"8166","44","111","0","2011-10-27","0"
"8167","45","111","0","2011-10-27","0"
"8168","46","111","0","2011-10-27","0"
"8169","47","111","0","2011-10-27","0"
"8170","48","111","0","2011-10-27","0"
"8171","49","111","0","2011-10-27","0"
"8172","50","111","0","2011-10-27","0"
"8173","51","111","0","2011-10-27","0"
"8174","52","111","0","2011-10-27","0"
"8175","53","111","0","2011-10-27","0"
"8176","54","111","0","2011-10-27","0"
"8177","55","111","0","2011-10-27","0"
"8178","15","111","22","2011-10-28","0"
"8179","16","111","5","2011-10-28","0"
"8180","17","111","2","2011-10-28","0"
"8181","18","111","0","2011-10-28","0"
"8182","19","111","0","2011-10-28","0"
"8183","20","111","0","2011-10-28","0"
"8184","21","111","0","2011-10-28","0"
"8185","22","111","0","2011-10-28","0"
"8186","23","111","0","2011-10-28","0"
"8187","24","111","300","2011-10-28","0"
"8188","25","111","15","2011-10-28","0"
"8189","26","111","30","2011-10-28","0"
"8190","27","111","15","2011-10-28","0"
"8191","28","111","15","2011-10-28","0"
"8192","29","111","15","2011-10-28","0"
"8193","30","111","60","2011-10-28","0"
"8194","31","111","1","2011-10-28","0"
"8195","32","111","30","2011-10-28","0"
"8196","33","111","100","2011-10-28","0"
"8197","34","111","1","2011-10-28","0"
"8198","35","111","3","2011-10-28","0"
"8199","36","111","3","2011-10-28","0"
"8200","37","111","3","2011-10-28","0"
"8201","38","111","6","2011-10-28","0"
"8202","39","111","9","2011-10-28","0"
"8203","40","111","1","2011-10-28","0"
"8204","41","111","3","2011-10-28","0"
"8205","42","111","1","2011-10-28","0"
"8206","43","111","1","2011-10-28","0"
"8207","44","111","6","2011-10-28","0"
"8208","45","111","30","2011-10-28","0"
"8209","46","111","3","2011-10-28","0"
"8210","47","111","3","2011-10-28","0"
"8211","48","111","6","2011-10-28","0"
"8212","49","111","5","2011-10-28","0"
"8213","50","111","50","2011-10-28","0"
"8214","51","111","30","2011-10-28","0"
"8215","52","111","3","2011-10-28","0"
"8216","53","111","100","2011-10-28","0"
"8217","54","111","100","2011-10-28","0"
"8218","55","111","150","2011-10-28","0"
"8219","15","111","22","2011-10-29","0"
"8220","16","111","6","2011-10-29","0"
"8221","17","111","2","2011-10-29","0"
"8222","18","111","0","2011-10-29","0"
"8223","19","111","0","2011-10-29","0"
"8224","20","111","0","2011-10-29","0"
"8225","21","111","0","2011-10-29","0"
"8226","22","111","0","2011-10-29","0"
"8227","23","111","0","2011-10-29","0"
"8228","24","111","300","2011-10-29","0"
"8229","25","111","15","2011-10-29","0"
"8230","26","111","30","2011-10-29","0"
"8231","27","111","15","2011-10-29","0"
"8232","28","111","15","2011-10-29","0"
"8233","29","111","15","2011-10-29","0"
"8234","30","111","60","2011-10-29","0"
"8235","31","111","1","2011-10-29","0"
"8236","32","111","30","2011-10-29","0"
"8237","33","111","100","2011-10-29","0"
"8238","34","111","1","2011-10-29","0"
"8239","35","111","3","2011-10-29","0"
"8240","36","111","3","2011-10-29","0"
"8241","37","111","4","2011-10-29","0"
"8242","38","111","6","2011-10-29","0"
"8243","39","111","9","2011-10-29","0"
"8244","40","111","1","2011-10-29","0"
"8245","41","111","3","2011-10-29","0"
"8246","42","111","1","2011-10-29","0"
"8247","43","111","1","2011-10-29","0"
"8248","44","111","6","2011-10-29","0"
"8249","45","111","30","2011-10-29","0"
"8250","46","111","3","2011-10-29","0"
"8251","47","111","3","2011-10-29","0"
"8252","48","111","6","2011-10-29","0"
"8253","49","111","5","2011-10-29","0"
"8254","50","111","50","2011-10-29","0"
"8255","51","111","30","2011-10-29","0"
"8256","52","111","3","2011-10-29","0"
"8257","53","111","100","2011-10-29","0"
"8258","54","111","100","2011-10-29","0"
"8259","55","111","150","2011-10-29","0"
"8260","15","111","0","2011-10-30","0"
"8261","16","111","0","2011-10-30","0"
"8262","17","111","0","2011-10-30","0"
"8263","18","111","0","2011-10-30","0"
"8264","19","111","0","2011-10-30","0"
"8265","20","111","0","2011-10-30","0"
"8266","21","111","0","2011-10-30","0"
"8267","22","111","0","2011-10-30","0"
"8268","23","111","0","2011-10-30","0"
"8269","24","111","0","2011-10-30","0"
"8270","25","111","0","2011-10-30","0"
"8271","26","111","0","2011-10-30","0"
"8272","27","111","0","2011-10-30","0"
"8273","28","111","0","2011-10-30","0"
"8274","29","111","0","2011-10-30","0"
"8275","30","111","0","2011-10-30","0"
"8276","31","111","0","2011-10-30","0"
"8277","32","111","0","2011-10-30","0"
"8278","33","111","0","2011-10-30","0"
"8279","34","111","0","2011-10-30","0"
"8280","35","111","0","2011-10-30","0"
"8281","36","111","0","2011-10-30","0"
"8282","37","111","0","2011-10-30","0"
"8283","38","111","0","2011-10-30","0"
"8284","39","111","0","2011-10-30","0"
"8285","40","111","0","2011-10-30","0"
"8286","41","111","0","2011-10-30","0"
"8287","42","111","0","2011-10-30","0"
"8288","43","111","0","2011-10-30","0"
"8289","44","111","0","2011-10-30","0"
"8290","45","111","0","2011-10-30","0"
"8291","46","111","0","2011-10-30","0"
"8292","47","111","0","2011-10-30","0"
"8293","48","111","0","2011-10-30","0"
"8294","49","111","0","2011-10-30","0"
"8295","50","111","0","2011-10-30","0"
"8296","51","111","0","2011-10-30","0"
"8297","52","111","0","2011-10-30","0"
"8298","53","111","0","2011-10-30","0"
"8299","54","111","0","2011-10-30","0"
"8300","55","111","0","2011-10-30","0"
"8301","15","111","21","2011-10-31","0"
"8302","16","111","5","2011-10-31","0"
"8303","17","111","2","2011-10-31","0"
"8304","18","111","0","2011-10-31","0"
"8305","19","111","0","2011-10-31","0"
"8306","20","111","0","2011-10-31","0"
"8307","21","111","0","2011-10-31","0"
"8308","22","111","0","2011-10-31","0"
"8309","23","111","0","2011-10-31","0"
"8310","24","111","300","2011-10-31","0"
"8311","25","111","15","2011-10-31","0"
"8312","26","111","30","2011-10-31","0"
"8313","27","111","15","2011-10-31","0"
"8314","28","111","15","2011-10-31","0"
"8315","29","111","15","2011-10-31","0"
"8316","30","111","60","2011-10-31","0"
"8317","31","111","1","2011-10-31","0"
"8318","32","111","30","2011-10-31","0"
"8319","33","111","100","2011-10-31","0"
"8320","34","111","1","2011-10-31","0"
"8321","35","111","3","2011-10-31","0"
"8322","36","111","3","2011-10-31","0"
"8323","37","111","3","2011-10-31","0"
"8324","38","111","6","2011-10-31","0"
"8325","39","111","9","2011-10-31","0"
"8326","40","111","1","2011-10-31","0"
"8327","41","111","3","2011-10-31","0"
"8328","42","111","1","2011-10-31","0"
"8329","43","111","1","2011-10-31","0"
"8330","44","111","6","2011-10-31","0"
"8331","45","111","30","2011-10-31","0"
"8332","46","111","3","2011-10-31","0"
"8333","47","111","3","2011-10-31","0"
"8334","48","111","6","2011-10-31","0"
"8335","49","111","5","2011-10-31","0"
"8336","50","111","50","2011-10-31","0"
"8337","51","111","30","2011-10-31","0"
"8338","52","111","3","2011-10-31","0"
"8339","53","111","100","2011-10-31","0"
"8340","54","111","100","2011-10-31","0"
"8341","55","111","150","2011-10-31","0"
"8342","15","111","21","2011-11-01","0"
"8343","16","111","5","2011-11-01","0"
"8344","17","111","2","2011-11-01","0"
"8345","18","111","0","2011-11-01","0"
"8346","19","111","0","2011-11-01","0"
"8347","20","111","0","2011-11-01","0"
"8348","21","111","0","2011-11-01","0"
"8349","22","111","0","2011-11-01","0"
"8350","23","111","0","2011-11-01","0"
"8351","24","111","300","2011-11-01","0"
"8352","25","111","15","2011-11-01","0"
"8353","26","111","30","2011-11-01","0"
"8354","27","111","15","2011-11-01","0"
"8355","28","111","15","2011-11-01","0"
"8356","29","111","15","2011-11-01","0"
"8357","30","111","60","2011-11-01","0"
"8358","31","111","1","2011-11-01","0"
"8359","32","111","30","2011-11-01","0"
"8360","33","111","100","2011-11-01","0"
"8361","34","111","1","2011-11-01","0"
"8362","35","111","3","2011-11-01","0"
"8363","36","111","3","2011-11-01","0"
"8364","37","111","3","2011-11-01","0"
"8365","38","111","6","2011-11-01","0"
"8366","39","111","9","2011-11-01","0"
"8367","40","111","1","2011-11-01","0"
"8368","41","111","3","2011-11-01","0"
"8369","42","111","1","2011-11-01","0"
"8370","43","111","1","2011-11-01","0"
"8371","44","111","6","2011-11-01","0"
"8372","45","111","30","2011-11-01","0"
"8373","46","111","3","2011-11-01","0"
"8374","47","111","3","2011-11-01","0"
"8375","48","111","6","2011-11-01","0"
"8376","49","111","5","2011-11-01","0"
"8377","50","111","50","2011-11-01","0"
"8378","51","111","30","2011-11-01","0"
"8379","52","111","3","2011-11-01","0"
"8380","53","111","100","2011-11-01","0"
"8381","54","111","100","2011-11-01","0"
"8382","55","111","150","2011-11-01","0"
"8383","15","111","21","2011-11-02","0"
"8384","16","111","5","2011-11-02","0"
"8385","17","111","2","2011-11-02","0"
"8386","18","111","0","2011-11-02","0"
"8387","19","111","0","2011-11-02","0"
"8388","20","111","0","2011-11-02","0"
"8389","21","111","0","2011-11-02","0"
"8390","22","111","0","2011-11-02","0"
"8391","23","111","0","2011-11-02","0"
"8392","24","111","300","2011-11-02","0"
"8393","25","111","15","2011-11-02","0"
"8394","26","111","30","2011-11-02","0"
"8395","27","111","15","2011-11-02","0"
"8396","28","111","15","2011-11-02","0"
"8397","29","111","15","2011-11-02","0"
"8398","30","111","60","2011-11-02","0"
"8399","31","111","1","2011-11-02","0"
"8400","32","111","30","2011-11-02","0"
"8401","33","111","100","2011-11-02","0"
"8402","34","111","1","2011-11-02","0"
"8403","35","111","3","2011-11-02","0"
"8404","36","111","3","2011-11-02","0"
"8405","37","111","4","2011-11-02","0"
"8406","38","111","6","2011-11-02","0"
"8407","39","111","9","2011-11-02","0"
"8408","40","111","1","2011-11-02","0"
"8409","41","111","3","2011-11-02","0"
"8410","42","111","1","2011-11-02","0"
"8411","43","111","1","2011-11-02","0"
"8412","44","111","6","2011-11-02","0"
"8413","45","111","30","2011-11-02","0"
"8414","46","111","3","2011-11-02","0"
"8415","47","111","3","2011-11-02","0"
"8416","48","111","6","2011-11-02","0"
"8417","49","111","5","2011-11-02","0"
"8418","50","111","50","2011-11-02","0"
"8419","51","111","30","2011-11-02","0"
"8420","52","111","3","2011-11-02","0"
"8421","53","111","100","2011-11-02","0"
"8422","54","111","100","2011-11-02","0"
"8423","55","111","150","2011-11-02","0"
"8424","15","111","21","2011-11-03","0"
"8425","16","111","5","2011-11-03","0"
"8426","17","111","2","2011-11-03","0"
"8427","18","111","0","2011-11-03","0"
"8428","19","111","0","2011-11-03","0"
"8429","20","111","0","2011-11-03","0"
"8430","21","111","0","2011-11-03","0"
"8431","22","111","0","2011-11-03","0"
"8432","23","111","0","2011-11-03","0"
"8433","24","111","300","2011-11-03","0"
"8434","25","111","15","2011-11-03","0"
"8435","26","111","30","2011-11-03","0"
"8436","27","111","15","2011-11-03","0"
"8437","28","111","15","2011-11-03","0"
"8438","29","111","15","2011-11-03","0"
"8439","30","111","60","2011-11-03","0"
"8440","31","111","1","2011-11-03","0"
"8441","32","111","30","2011-11-03","0"
"8442","33","111","100","2011-11-03","0"
"8443","34","111","1","2011-11-03","0"
"8444","35","111","3","2011-11-03","0"
"8445","36","111","3","2011-11-03","0"
"8446","37","111","3","2011-11-03","0"
"8447","38","111","6","2011-11-03","0"
"8448","39","111","9","2011-11-03","0"
"8449","40","111","1","2011-11-03","0"
"8450","41","111","3","2011-11-03","0"
"8451","42","111","1","2011-11-03","0"
"8452","43","111","1","2011-11-03","0"
"8453","44","111","6","2011-11-03","0"
"8454","45","111","30","2011-11-03","0"
"8455","46","111","3","2011-11-03","0"
"8456","47","111","3","2011-11-03","0"
"8457","48","111","6","2011-11-03","0"
"8458","49","111","5","2011-11-03","0"
"8459","50","111","50","2011-11-03","0"
"8460","51","111","30","2011-11-03","0"
"8461","52","111","3","2011-11-03","0"
"8462","53","111","100","2011-11-03","0"
"8463","54","111","100","2011-11-03","0"
"8464","55","111","150","2011-11-03","0"
"8465","15","111","22","2011-11-04","0"
"8466","16","111","5","2011-11-04","0"
"8467","17","111","2","2011-11-04","0"
"8468","18","111","0","2011-11-04","0"
"8469","19","111","0","2011-11-04","0"
"8470","20","111","0","2011-11-04","0"
"8471","21","111","0","2011-11-04","0"
"8472","22","111","0","2011-11-04","0"
"8473","23","111","0","2011-11-04","0"
"8474","24","111","300","2011-11-04","0"
"8475","25","111","15","2011-11-04","0"
"8476","26","111","30","2011-11-04","0"
"8477","27","111","15","2011-11-04","0"
"8478","28","111","15","2011-11-04","0"
"8479","29","111","15","2011-11-04","0"
"8480","30","111","60","2011-11-04","0"
"8481","31","111","1","2011-11-04","0"
"8482","32","111","30","2011-11-04","0"
"8483","33","111","100","2011-11-04","0"
"8484","34","111","1","2011-11-04","0"
"8485","35","111","3","2011-11-04","0"
"8486","36","111","3","2011-11-04","0"
"8487","37","111","3","2011-11-04","0"
"8488","38","111","6","2011-11-04","0"
"8489","39","111","9","2011-11-04","0"
"8490","40","111","1","2011-11-04","0"
"8491","41","111","3","2011-11-04","0"
"8492","42","111","1","2011-11-04","0"
"8493","43","111","1","2011-11-04","0"
"8494","44","111","6","2011-11-04","0"
"8495","45","111","30","2011-11-04","0"
"8496","46","111","3","2011-11-04","0"
"8497","47","111","3","2011-11-04","0"
"8498","48","111","6","2011-11-04","0"
"8499","49","111","5","2011-11-04","0"
"8500","50","111","50","2011-11-04","0"
"8501","51","111","30","2011-11-04","0"
"8502","52","111","3","2011-11-04","0"
"8503","53","111","100","2011-11-04","0"
"8504","54","111","100","2011-11-04","0"
"8505","55","111","150","2011-11-04","0"
"8506","15","111","22","2011-11-05","0"
"8507","16","111","5","2011-11-05","0"
"8508","17","111","2","2011-11-05","0"
"8509","18","111","0","2011-11-05","0"
"8510","19","111","0","2011-11-05","0"
"8511","20","111","0","2011-11-05","0"
"8512","21","111","0","2011-11-05","0"
"8513","22","111","0","2011-11-05","0"
"8514","23","111","0","2011-11-05","0"
"8515","24","111","300","2011-11-05","0"
"8516","25","111","15","2011-11-05","0"
"8517","26","111","30","2011-11-05","0"
"8518","27","111","15","2011-11-05","0"
"8519","28","111","15","2011-11-05","0"
"8520","29","111","15","2011-11-05","0"
"8521","30","111","60","2011-11-05","0"
"8522","31","111","1","2011-11-05","0"
"8523","32","111","30","2011-11-05","0"
"8524","33","111","100","2011-11-05","0"
"8525","34","111","1","2011-11-05","0"
"8526","35","111","3","2011-11-05","0"
"8527","36","111","3","2011-11-05","0"
"8528","37","111","3","2011-11-05","0"
"8529","38","111","6","2011-11-05","0"
"8530","39","111","9","2011-11-05","0"
"8531","40","111","1","2011-11-05","0"
"8532","41","111","3","2011-11-05","0"
"8533","42","111","1","2011-11-05","0"
"8534","43","111","1","2011-11-05","0"
"8535","44","111","6","2011-11-05","0"
"8536","45","111","30","2011-11-05","0"
"8537","46","111","3","2011-11-05","0"
"8538","47","111","3","2011-11-05","0"
"8539","48","111","6","2011-11-05","0"
"8540","49","111","5","2011-11-05","0"
"8541","50","111","50","2011-11-05","0"
"8542","51","111","30","2011-11-05","0"
"8543","52","111","3","2011-11-05","0"
"8544","53","111","100","2011-11-05","0"
"8545","54","111","100","2011-11-05","0"
"8546","55","111","150","2011-11-05","0"
